{
  "MSE": 3.3549180030822754,
  "MAE": 1.4928349256515503,
  "RMSE": 1.8316435813903809,
  "PCC-Mean": 0.2318756878376007,
  "PCC-10": 0.35541221499443054,
  "PCC-50": 0.33223956823349,
  "PCC-200": 0.2318756878376007,
  "RVD": 0.42989563941955566,
  "R2": -0.4308745861053467
}