{
  "MSE": 51.598690032958984,
  "MAE": 6.579444408416748,
  "RMSE": 7.183222770690918,
  "PCC-Mean": 0.20245847852285437,
  "PCC-10": 0.47459322379736146,
  "PCC-50": 0.3989816178731395,
  "PCC-200": 0.20245847852285437,
  "RVD": 11.354025840759277,
  "R2": -22.553878784179688
}