{
  "slide_id": "MEND144",
  "timestamp": "2025-06-29T04:23:21.485568",
  "num_samples": 4074,
  "num_genes": 200,
  "avg_loss": 38.65174299478531,
  "pcc_10": 0.5596781143327693,
  "pcc_50": 0.4731488402946233,
  "pcc_200": 0.24553666217813927,
  "mse": 1.168441661278538,
  "mae": 0.7273475803544031,
  "rvd": 0.6135807844262301,
  "pred_mean": 1.5019649267196655,
  "pred_std": 3.00645112991333,
  "pred_min": 0.0,
  "pred_max": 78.0,
  "target_mean": 3.575659057437408,
  "target_std": 7.916954353304682,
  "target_min": 0.0,
  "target_max": 500.0
}