{
  "slide_id": "MEND145",
  "timestamp": "2025-06-29T14:42:03.689725",
  "num_samples": 1418,
  "num_genes": 200,
  "avg_loss": 66.10646372256072,
  "pcc_10": 0.648739179722117,
  "pcc_50": 0.5570834823471484,
  "pcc_200": 0.4053112388562994,
  "mse": 1.5088391798692853,
  "mae": 0.8642445126922119,
  "rvd": 1.007598012557832,
  "pred_mean": 2.6328067779541016,
  "pred_std": 6.341725826263428,
  "pred_min": 0.0,
  "pred_max": 731.0,
  "target_mean": 4.268222849083216,
  "target_std": 15.169107500794125,
  "target_min": 0.0,
  "target_max": 500.0
}