{
  "slide_id": "MEND145",
  "timestamp": "2025-06-29T08:23:15.135872",
  "num_samples": 1418,
  "num_genes": 200,
  "avg_loss": 43.54948358950408,
  "pcc_10": 0.6568346811357781,
  "pcc_50": 0.5889730054176843,
  "pcc_200": 0.44790969998421354,
  "mse": 1.4393799242203729,
  "mae": 0.8233045590963174,
  "rvd": 0.5399192915450354,
  "pred_mean": 1.934897780418396,
  "pred_std": 4.820001602172852,
  "pred_min": 0.0,
  "pred_max": 418.0,
  "target_mean": 4.268222849083216,
  "target_std": 15.169107500794125,
  "target_min": 0.0,
  "target_max": 500.0
}