{
  "slide_id": "MEND142",
  "timestamp": "2025-06-29T08:22:09.547944",
  "num_samples": 2997,
  "num_genes": 200,
  "avg_loss": 48.79389101393679,
  "pcc_10": 0.7794327969715734,
  "pcc_50": 0.692923776803389,
  "pcc_200": 0.5255152088587755,
  "mse": 1.1440131051167226,
  "mae": 0.7654535430818322,
  "rvd": 0.2848295621461615,
  "pred_mean": 2.9989891052246094,
  "pred_std": 7.019240379333496,
  "pred_min": 0.0,
  "pred_max": 497.0,
  "target_mean": 5.4739506172839505,
  "target_std": 14.34962730917227,
  "target_min": 0.0,
  "target_max": 500.0
}