{
  "slide_id": "MEND144",
  "timestamp": "2025-06-29T06:03:59.448761",
  "num_samples": 4074,
  "num_genes": 200,
  "avg_loss": 24.496321439743042,
  "pcc_10": 0.6957492937217485,
  "pcc_50": 0.5646476618714977,
  "pcc_200": 0.3368190270546328,
  "mse": 0.9821771867925577,
  "mae": 0.6724767429682116,
  "rvd": 39.08008839574985,
  "pred_mean": 2.362253427505493,
  "pred_std": 4.645087242126465,
  "pred_min": 0.0,
  "pred_max": 389.0,
  "target_mean": 3.575659057437408,
  "target_std": 7.916954353304682,
  "target_min": 0.0,
  "target_max": 500.0
}