{
  "slide_id": "MEND143",
  "timestamp": "2025-06-29T06:06:47.492105",
  "num_samples": 3816,
  "num_genes": 200,
  "avg_loss": 26.038864866892496,
  "pcc_10": 0.5904995970027319,
  "pcc_50": 0.39529926760871814,
  "pcc_200": 0.21890970152172598,
  "mse": 1.0688227095873313,
  "mae": 0.72729560399768,
  "rvd": 16.58540236336846,
  "pred_mean": 2.8612303733825684,
  "pred_std": 5.051019191741943,
  "pred_min": 0.0,
  "pred_max": 590.0,
  "target_mean": 4.111029874213837,
  "target_std": 9.201641080398797,
  "target_min": 0.0,
  "target_max": 500.0
}